An Unearthly Child,1963-11-23,23:24,4.4,63
The Cave of Skulls,1963-11-30,24:26,5.9,59
The Forest of Fear,1963-12-07,23:38,6.9,56
The Firemaker,1963-12-14,24:22,6.4,55
The Dead Planet,1963-12-21,24:22,6.9,59
The Survivors,1963-12-28,24:27,6.4,58
The Escape,1964-01-04,25:10,8.9,63
The Ambush,1964-01-11,24:37,9.9,63
The Expedition,1964-01-18,24:31,9.9,63
The Ordeal,1964-01-25,26:14,10.4,63
The Rescue,1964-02-01,22:24,10.4,65
The Edge of Destruction,1964-02-08,25:04,10.4,61
The Brink of Disaster,1964-02-15,22:11,9.9,60
The Roof of the World,1964-02-22,24:12,9.4,63
The Singing Sands,1964-02-29,26:34,9.4,62
Five Hundred Eyes,1964-03-07,22:20,9.4,62
The Wall of Lies,1964-03-14,24:48,9.9,60
Rider from Shang-Tu,1964-03-21,23:26,9.4,59
Mighty Kublai Khan,1964-03-28,25:36,8.4,59
Assassain at Peking,1964-04-04,24:48,10.4,59
The Sea of Death,1964-04-11,23:20,9.9,62
The Velvet Web,1964-04-18,25:37,9.4,60
The Screaming Jungle,1964-04-25,23:45,9.9,61
The Snows of Terror,1964-05-02,24:54,10.4,60
Sentence of Death,1964-05-09,25:03,7.9,61
The Keys of Marinus,1964-05-16,25:11,6.9,63
The Temple of Evil,1964-05-23,23:56,7.4,62
The Warriors of Death,1964-05-30,24:11,7.4,62
The Bride of Sacrifice,1964-06-06,25:27,7.9,57
The Day of Darkness,1964-06-13,25:30,7.4,58
Strangers in Space,1964-06-20,24:46,7.9,59
The Unwilling Warriors,1964-06-27,24:44,6.9,59
Hidden Danger,1964-07-11,24:53,7.4,56
A Race Against Death,1964-07-18,24:49,5.5,60
Kidnap,1964-07-25,25:47,6.9,57
A Desperate Venture,1964-08-01,24:29,6.9,57
A Land of Fear,1964-08-08,24:24,6.9,58
Guests of Madame Guillotine,1964-08-15,24:04,6.9,54
A Change of Identity,1964-08-22,25:23,6.9,55
The Tyrant of France,1964-08-29,24:46,6.4,53
A Bargain of Necessity,1964-09-05,23:51,6.9,53
Prisoners of Conciergerie,1964-09-12,25:04,6.4,55
Planet of Giants,1964-10-31,23:15,8.4,57
Dangerous Journey,1964-11-07,23:40,8.4,58
Crisis,1964-11-14,26:35,8.9,59
World's End,1964-11-21,23:42,11.4,63
The Daleks,1964-11-28,24:19,12.4,59
Day of Reckoning,1964-12-05,26:50,11.9,59
The End of Tomorrow,1964-12-12,23:23,11.9,59
The Waking Ally,1964-12-19,24:29,11.4,58
Flashpoint,1964-12-26,25:21,12.4,63
The Powerful Enemy,1965-01-02,26:15,12.0,57
Desperate Measures,1965-01-09,24:36,13.0,59
The Slave Traders,1965-01-16,24:14,13.0,53
All Roads Lead to Rome,1965-01-23,23:14,11.5,51
Conspiracy,1965-01-30,26:18,10.0,50
Inferno,1965-02-06,23:09,12.0,50
The Web Planet,1965-02-13,23:57,13.5,56
The Zarbi,1965-02-20,23:20,12.5,53
Escape to Danger,1965-02-27,22:52,12.5,53
Crater of Needles,1965-03-06,25:50,13.0,49
Invasion,1965-03-13,26:04,12.0,48
The Centre,1965-03-20,24:32,11.5,42
The Lion,1965-03-27,24:56,10.5,51
The Kinght of Jaffa,1965-04-03,23:28,8.5,50
The Wheel of Fortune,1965-04-10,24:51,9.0,49
The Warlords,1965-04-17,23:40,9.5,48
The Space Museum,1965-04-24,23:38,10.5,61
The Dimensions of Time,1965-05-01,22:00,9.2,53
The Search,1965-05-08,23:33,8.5,56
The Final Phase,1965-05-15,22:15,8.5,49
The Executioners,1965-05-22,25:25,10.0,57
The Death of Time,1965-05-29,23:32,9.5,56
Flight Through Eternity,1965-06-05,25:23,9.0,55
Journey Into Terror,1965-06-12,23:49,9.5,54
The Death of Doctor Who,1965-06-19,23:27,9.0,56
The Planet of Decision,1965-06-26,26:29,9.5,57
The Watcher,1965-07-03,24:05,8.9,57
The Meddling Monk,1965-07-10,25:17,8.8,49
A Battle of Wits,1965-07-17,24:10,7.7,53
Checkmate,1965-07-24,24:00,8.3,54
Four Hundred Dawns,1965-09-11,22:21,9.0,56
Trap of Steel,1965-09-18,24:51,9.5,55
Air Lock,1965-09-25,24:19,11.3,54
The Exploding Planet,1965-10-02,24:47,9.9,53
Mission to the Unknown,1965-10-09,24:42,8.3,54
Temple of Secrets,1965-10-16,24:45,8.3,48
"Small Prophet, Quick Return",1965-10-23,24:43,8.1,51
Death of a Spy,1965-10-30,25:39,8.7,49
Horse of Destruction,1965-11-06,24:25,8.3,52
The Nightmare Begins,1965-11-13,22:52,9.1,54
Escape Switch,1966-01-15,23:37,9.5,50
The Abandoned Planet,1966-01-22,24:34,9.8,49
Destruction of Time,1966-01-29,23:31,8.6,57
Day of Armageddon,1965-11-20,24:25,9.8,52
Devil's Planet,1965-11-27,24:30,10.3,52
The Traitors,1965-12-04,24:42,9.5,51
Counter Plot,1965-12-11,24:03,9.9,53
Coronas of the Sun,1965-12-18,24:45,9.1,56
The Feast of Steven,1965-12-25,24:36,7.9,39
Volcano,1966-01-01,24:42,9.6,49
Golden Death,1966-01-08,24:38,9.2,52
War of God,1966-02-05,24:51,8.0,52
The Sea Beggar,1966-02-12,24:43,6.0,52
Priest of Death,1966-02-19,24:33,5.9,49
Bell of Doom,1966-02-26,25:06,5.8,53
The Steel Sky,1966-03-05,24:00,5.5,55
The Plague,1966-03-12,25:00,6.9,56
The Return,1966-03-19,24:19,6.2,51
The Bomb,1966-03-26,24:37,7.3,50
The Celestial Toyroom,1966-04-02,24:40,8.0,48
The Hall of Dolls,1966-04-09,24:45,8.0,49
The Dancing Floor,1966-04-16,24:10,9.4,44
The Final Test,1966-04-23,23:57,7.8,43
A Holiday for the Doctor,1966-04-30,23:48,6.5,45
Don't Shoot the Pianist,1966-05-07,23:47,6.6,39
Johnny Ringo,1966-05-14,23:52,6.2,36
The OK Corral,1966-05-21,23:53,5.7,30
Episode 1,1966-05-28,23:41,4.8,48
Episode 2,1966-06-04,23:57,5.6,49
Episode 3,1966-06-11,24:59,5.0,48
Episode 4,1966-06-18,24:41,4.5,48
Episode 1,1966-06-25,24:01,5.4,49
Episode 2,1966-07-02,24:00,4.7,45
Episode 3,1966-07-09,23:58,5.3,44
Episode 4,1966-07-16,23:11,5.5,39
Episode 1,1966-09-10,24:36,4.3,47
Episode 2,1966-09-17,24:27,4.9,45
Episode 3,1966-09-24,23:55,4.2,43
Episode 4,1966-10-01,23:37,4.5,43
Episode 1,1966-10-08,23:08,5.5,50
Episode 2,1966-10-15,23:15,6.4,48
Episode 3,1966-10-22,23:31,7.6,48
Episode 4,1966-10-29,24:02,7.5,47
Episode 1,1966-11-05,25:43,7.9,43
Episode 2,1966-11-12,24:29,7.8,45
Episode 3,1966-11-19,23:31,7.5,44
Episode 4,1966-11-26,24:23,7.8,47
Episode 5,1966-12-03,23:38,8.0,48
Episode 6,1966-12-10,23:46,7.8,47
Episode 1,1966-12-17,24:38,6.7,47
Episode 2,1966-12-24,23:41,6.8,46
Episode 3,1966-12-31,22:54,7.4,47
Episode 4,1967-01-07,24:19,7.3,47
Episode 1,1967-01-14,24:18,8.3,48
Episode 2,1967-01-21,25:00,7.5,46
Episode 3,1967-01-28,24:09,7.1,45
Episode 4,1967-02-04,23:20,7.0,47
Episode 1,1967-02-11,24:12,8.1,50
Episode 2,1967-02-18,24:42,8.9,49
Episode 3,1967-02-25,26:11,8.2,53
Episode 4,1967-03-04,23:28,8.1,58
Episode 1,1967-03-11,22:58,8.0,50
Episode 2,1967-03-18,23:21,7.9,48
Episode 3,1967-03-25,23:24,8.5,52
Episode 4,1967-04-01,24:41,8.4,49
Episode 1,1967-04-08,23:47,8.0,51
Episode 2,1967-04-15,25:22,6.4,50
Episode 3,1967-04-22,23:10,7.9,53
Episode 4,1967-04-29,24:28,6.9,55
Episode 5,1967-05-06,23:34,7.1,55
Episode 6,1967-05-13,23:38,8.0,52
Episode 1,1967-05-20,24:07,8.1,51
Episode 2,1967-05-27,25:13,7.5,51
Episode 3,1967-06-03,24:27,6.1,52
Episode 4,1967-06-10,24:43,5.3,51
Episode 5,1967-06-17,25:23,5.1,53
Episode 6,1967-06-24,24:48,6.8,49
Episode 7,1967-07-01,24:33,6.1,56
Episode 1,1967-09-02,23:58,6.0,53
Episode 2,1967-09-09,24:44,6.4,52
Episode 3,1967-09-16,24:14,7.2,49
Episode 4,1967-09-23,23:22,7.4,50
Episode 1,1967-09-30,24:15,6.3,50
Episode 2,1967-10-07,23:15,6.0,52
Episode 3,1967-10-14,23:55,7.1,51
Episode 4,1967-10-21,24:11,7.1,50
Episode 5,1967-10-28,23:51,7.2,51
Episode 6,1967-11-04,23:31,7.4,52
Episode 1,1967-11-11,24:21,6.7,52
Episode 2,1967-11-18,24:16,7.1,52
Episode 3,1967-11-25,23:58,7.4,51
Episode 4,1967-12-02,24:23,7.3,51
Episode 5,1967-12-09,24:25,8.0,50
Episode 6,1967-12-16,23:58,7.5,51
Episode 1,1967-12-23,23:45,6.8,50
Episode 2,1967-12-30,23:48,7.6,49
Episode 3,1968-01-06,23:05,7.1,48
Episode 4,1968-01-13,23:46,7.8,49
Episode 5,1968-01-20,24:22,6.9,49
Episode 6,1968-01-27,21:41,8.3,52
Episode 1,1968-02-03,24:53,7.2,54
Episode 2,1968-02-10,24:38,6.8,53
Episode 3,1968-02-17,24:34,7.0,51
Episode 4,1968-02-24,24:50,8.4,53
Episode 5,1968-03-02,24:19,8.0,55
Episode 6,1968-03-09,24:41,8.3,55
Episode 1,1968-03-16,24:54,8.2,55
Episode 2,1968-03-23,23:08,7.9,55
Episode 3,1968-03-30,20:29,7.7,56
Episode 4,1968-04-06,24:17,6.6,56
Episode 5,1968-04-13,23:40,5.9,56
Episode 6,1968-04-20,24:24,6.9,57
Episode 1,1968-04-27,23:47,7.2,57
Episode 2,1968-05-04,22:50,6.9,60
Episode 3,1968-05-11,24:25,7.5,55
Episode 4,1968-05-18,24:14,8.6,56
Episode 5,1968-05-25,21:55,6.8,57
Episode 6,1968-06-01,23:10,6.5,62
Episode 1,1968-08-10,24:25,6.1,52
Episode 2,1968-08-17,24:07,5.9,55
Episode 3,1968-08-24,24:06,5.4,55
Episode 4,1968-08-31,23:54,7.5,51
Episode 5,1968-09-07,24:10,5.9,53
Episode 1,1968-09-14,21:27,6.6,51
Episode 2,1968-09-21,21:39,6.5,49
Episode 3,1968-09-28,19:29,7.2,53
Episode 4,1968-10-05,19:14,7.3,56
Episode 5,1968-10-12,18:00,6.7,49
Episode 1,1968-11-02,24:32,7.3,55
Episode 2,1968-11-09,24:26,7.1,53
Episode 3,1968-11-16,23:44,7.1,54
Episode 4,1968-11-23,24:18,6.4,51
Episode 5,1968-11-30,23:25,6.7,52
Episode 6,1968-12-07,23:20,6.5,56
Episode 7,1968-12-14,24:46,7.2,55
Episode 8,1968-12-21,25:03,7.0,53
Episode 1,1968-12-28,23:00,9.0,59
Episode 2,1969-01-04,23:03,8.4,57
Episode 3,1969-01-11,21:47,7.5,56
Episode 4,1969-01-18,22:39,7.1,55
Episode 1,1969-01-25,23:11,6.6,57
Episode 2,1969-02-01,24:26,6.8,59
Episode 3,1969-02-08,24:10,7.5,55
Episode 4,1969-02-15,24:57,7.1,55
Episode 5,1969-02-22,24:56,7.6,57
Episode 6,1969-03-01,24:31,7.7,59
Episode 1,1969-03-08,24:11,5.8,57
Episode 2,1969-03-15,25:02,6.8,52
Episode 3,1969-03-22,23:50,6.4,55
Episode 4,1969-03-29,22:25,5.8,53
Episode 5,1969-04-05,24:44,5.5,56
Episode 6,1969-04-12,24:26,5.3,52
Episode 1,1969-04-19,25:00,5.5,55
Episode 10,1969-06-21,24:23,5.0,58
Episode 2,1969-04-26,25:00,6.3,54
Episode 3,1969-05-03,24:30,5.1,53
Episode 4,1969-05-10,23:30,5.7,50
Episode 5,1969-05-17,24:30,5.1,53
Episode 6,1969-05-24,22:53,4.2,53
Episode 7,1969-05-31,22:28,4.9,53
Episode 8,1969-06-07,24:37,3.5,53
Episode 9,1969-06-14,24:34,4.1,57
Episode 1,1970-01-03,23:38,8.4,54
Episode 2,1970-01-10,24:21,8.1,0
Episode 3,1970-01-17,24:16,8.3,0
Episode 4,1970-01-24,24:47,8.1,57
Episode 1,1970-01-31,24:15,8.8,58
Episode 2,1970-02-07,23:08,7.3,58
Episode 3,1970-02-14,23:16,7.5,57
Episode 4,1970-02-21,25:00,8.2,60
Episode 5,1970-02-28,23:58,7.5,58
Episode 6,1970-03-07,24:15,7.2,57
Episode 7,1970-03-14,22:55,7.5,58
Episode 1,1970-03-21,24:33,7.1,60
Episode 2,1970-03-28,24:39,7.6,61
Episode 3,1970-04-04,24:38,8.0,59
Episode 4,1970-04-11,24:37,9.3,58
Episode 5,1970-04-18,24:17,7.1,0
Episode 6,1970-04-25,24:31,6.9,61
Episode 7,1970-05-02,24:32,6.4,62
Episode 1,1970-05-09,23:21,5.7,61
Episode 2,1970-05-16,22:04,5.9,61
Episode 3,1970-05-23,24:34,4.8,60
Episode 4,1970-05-30,24:57,6.0,60
Episode 5,1970-06-06,23:42,5.4,0
Episode 6,1970-06-13,23:32,6.7,58
Episode 7,1970-06-20,24:33,5.5,60
Episode 1,1971-01-02,24:36,7.3,0
Episode 2,1971-01-09,24:48,8.0,0
Episode 3,1971-01-16,23:28,8.1,0
Episode 4,1971-01-23,22:10,8.4,0
Episode 1,1971-01-30,24:39,6.1,0
Episode 2,1971-02-06,24:31,8.8,0
Episode 3,1971-02-13,24:30,7.5,0
Episode 4,1971-02-20,24:40,7.4,0
Episode 5,1971-02-27,23:34,7.6,0
Episode 6,1971-03-06,24:48,7.3,0
Episode 1,1971-03-13,23:51,7.3,0
Episode 2,1971-03-20,24:00,8.0,0
Episode 3,1971-03-27,24:05,6.4,0
Episode 4,1971-04-03,25:16,7.8,0
Episode 1,1971-04-10,24:19,7.6,0
Episode 2,1971-04-17,22:43,8.5,0
Episode 3,1971-04-24,23:47,9.5,0
Episode 4,1971-05-01,24:20,8.1,0
Episode 5,1971-05-08,25:22,8.8,0
Episode 6,1971-05-15,25:22,8.7,0
Episode 1,1971-05-22,25:05,9.2,0
Episode 2,1971-05-29,24:20,8.0,0
Episode 3,1971-06-05,24:27,8.1,0
Episode 4,1971-06-12,24:25,8.1,0
Episode 5,1971-06-19,24:04,8.3,0
Episode 1,1972-01-01,23:36,9.8,0
Episode 2,1972-01-08,23:52,10.4,0
Episode 3,1972-01-15,24:18,9.1,0
Episode 4,1972-01-22,24:17,9.1,0
Episode 1,1972-01-29,24:32,10.3,0
Episode 2,1972-02-05,24:33,11.0,0
Episode 3,1972-02-12,24:21,7.8,0
Episode 4,1972-02-19,24:16,8.4,0
Episode 1,1972-02-26,24:40,6.4,0
Episode 2,1972-03-04,24:30,9.7,0
Episode 3,1972-03-11,24:05,8.3,0
Episode 4,1972-03-18,24:21,7.8,0
Episode 5,1972-03-25,24:53,8.3,0
Episode 6,1972-04-01,25:24,8.5,0
Episode 1,1972-04-08,24:25,9.1,0
Episode 2,1972-04-15,24:24,7.8,0
Episode 3,1972-04-22,24:32,7.9,0
Episode 4,1972-04-29,24:00,7.5,0
Episode 5,1972-05-06,24:37,7.9,0
Episode 6,1972-05-13,23:43,6.5,0
Episode 1,1972-05-20,25:04,7.6,0
Episode 2,1972-05-27,25:05,7.4,0
Episode 3,1972-06-03,23:59,8.1,0
Episode 4,1972-06-10,23:55,7.6,0
Episode 5,1972-06-17,24:29,6.0,0
Episode 6,1972-06-24,24:55,7.6,0
Episode 1,1972-12-30,24:39,9.6,0
Episode 2,1973-01-06,24:18,10.8,0
Episode 3,1973-01-13,24:22,8.8,0
Episode 4,1973-01-20,25:07,11.9,0
Episode 1,1973-01-27,24:46,9.5,0
Episode 2,1973-02-03,24:11,9.0,0
Episode 3,1973-02-10,24:49,9.0,0
Episode 4,1973-02-17,24:10,9.2,0
Episode 1,1973-02-24,23:27,9.1,0
Episode 2,1973-03-03,24:10,7.8,0
Episode 3,1973-03-10,24:00,7.5,0
Episode 4,1973-03-17,23:35,7.1,0
Episode 5,1973-03-24,23:57,7.7,0
Episode 6,1973-03-31,24:44,8.9,0
Episode 1,1973-04-07,24:51,11.0,0
Episode 2,1973-04-14,24:08,10.7,0
Episode 3,1973-04-21,22:34,10.1,0
Episode 4,1973-04-28,23:36,8.3,0
Episode 5,1973-05-05,22:31,9.7,0
Episode 6,1973-05-12,23:02,8.5,0
Episode 1,1973-05-19,25:55,9.2,0
Episode 2,1973-05-26,25:56,7.2,0
Episode 3,1973-06-02,25:12,7.8,0
Episode 4,1973-06-09,25:47,6.8,0
Episode 5,1973-06-16,25:20,8.3,0
Episode 6,1973-06-23,26:06,7.0,0
Part One,1973-12-15,24:15,8.7,59
Part Two,1973-12-22,24:10,7.0,0
Part Three,1973-12-29,23:30,6.6,0
Part Four,1974-01-05,24:57,10.6,60
Part One,1974-01-12,25:29,11.0,62
Part Two,1974-01-19,24:43,10.1,0
Part Three,1974-01-26,23:26,11.0,63
Part Four,1974-02-02,23:33,9.0,0
Part Five,1974-02-09,24:30,9.0,0
Part Six,1974-02-16,25:34,7.5,62
Part One,1974-02-23,24:32,8.1,61
Part Two,1974-03-02,24:25,9.5,0
Part Three,1974-03-09,24:24,10.5,61
Part Four,1974-03-16,24:35,9.5,62
Part One,1974-03-23,24:59,9.2,0
Part Two,1974-03-30,23:26,6.8,0
Part Three,1974-04-06,24:47,7.4,0
Part Four,1974-04-13,24:50,7.2,0
Part Five,1974-04-20,23:56,7.5,0
Part Six,1974-04-27,23:48,8.1,0
Part One,1974-05-04,24:40,10.1,0
Part Two,1974-05-11,25:02,8.9,0
Part Three,1974-05-18,24:58,8.8,0
Part Four,1974-05-25,23:53,8.2,0
Part Five,1974-06-01,24:01,9.2,0
Part Six,1974-06-08,24:43,8.9,0
Part One,1974-12-28,24:11,10.8,53
Part Two,1975-01-04,25:00,10.7,53
Part Three,1975-01-11,24:29,10.1,0
Part Four,1975-01-18,24:29,9.0,51
Part One,1975-01-25,24:58,9.4,0
Part Two,1975-02-01,24:49,13.6,0
Part Three,1975-02-08,24:05,11.2,0
Part Four,1975-02-15,24:37,10.2,0
Part One,1975-02-22,24:27,11.0,0
Part Two,1975-03-01,25:00,10.5,55
Part One,1975-03-08,24:30,10.7,0
Part Two,1975-03-15,24:51,10.5,57
Part Three,1975-03-22,22:38,8.5,0
Part Four,1975-03-29,23:38,8.8,58
Part Five,1975-04-05,23:27,9.8,57
Part Six,1975-04-12,23:30,9.1,56
Part One,1975-04-19,24:19,9.5,57
Part Two,1975-04-26,24:24,8.3,0
Part Three,1975-05-03,24:32,8.9,0
Part Four,1975-05-10,23:21,9.4,58
Part One,1975-08-30,21:41,8.4,59
Part Two,1975-09-06,25:08,6.1,0
Part Three,1975-09-13,24:09,8.2,54
Part Four,1975-09-20,25:22,7.2,0
Part One,1975-09-27,24:02,10.4,0
Part Two,1975-10-04,22:30,9.9,56
Part Three,1975-10-11,23:50,9.1,57
Part Four,1975-10-18,23:43,10.1,54
Part One,1975-10-25,25:22,10.5,0
Part Two,1975-11-01,23:53,11.3,0
Part Three,1975-11-08,24:32,9.4,0
Part Four,1975-11-15,24:52,11.7,60
Part One,1975-11-22,24:21,11.9,58
Part Two,1975-11-29,24:30,11.3,0
Part Three,1975-12-06,24:50,12.1,0
Part Four,1975-12-13,24:30,11.4,0
Part One,1976-01-03,25:25,9.5,0
Part Two,1976-01-10,24:46,9.3,0
Part Three,1976-01-17,25:07,10.1,0
Part Four,1976-01-24,24:18,10.2,60
Part One,1976-01-31,24:10,11.4,59
Part Two,1976-02-07,24:09,11.4,0
Part Three,1976-02-14,24:51,10.3,0
Part Four,1976-02-21,24:26,11.1,0
Part Five,1976-02-28,25:06,9.9,0
Part Six,1976-03-06,21:51,11.5,0
Part One,1976-09-04,24:31,8.3,58
Part Two,1976-09-11,24:44,9.8,56
Part Three,1976-09-18,24:34,9.2,0
Part Four,1976-09-25,24:45,10.6,56
Part One,1976-10-02,24:50,10.5,0
Part Two,1976-10-09,24:48,10.2,0
Part Three,1976-10-16,24:22,11.1,62
Part Four,1976-10-23,25:00,12.0,0
Part One,1976-10-30,21:13,11.8,0
Part Two,1976-11-06,24:44,12.1,59
Part Three,1976-11-13,24:24,13.0,0
Part Four,1976-11-20,24:23,11.8,61
Part One,1977-01-01,24:58,10.7,61
Part Two,1977-01-08,24:58,11.1,0
Part Three,1977-01-15,24:40,11.3,59
Part Four,1977-01-22,24:46,11.7,60
Part One,1977-01-29,24:06,12.8,62
Part Two,1977-02-05,24:15,12.4,0
Part Three,1977-02-12,23:51,13.1,0
Part Four,1977-02-19,23:42,12.6,57
Part One,1977-02-26,24:44,11.3,0
Part Two,1977-03-05,24:26,9.8,0
Part Three,1977-03-12,21:56,10.2,0
Part Four,1977-03-19,24:30,11.4,60
Part Five,1977-03-26,24:49,10.1,0
Part Six,1977-04-02,23:26,9.3,58
Part One,1977-09-03,24:10,6.8,58
Part Two,1977-09-10,24:10,7.1,0
Part Three,1977-09-17,23:12,9.8,60
Part Four,1977-09-24,23:49,9.9,57
Part One,1977-10-01,23:09,8.6,0
Part Two,1977-10-08,25:13,7.3,0
Part Three,1977-10-15,23:28,7.5,0
Part Four,1977-10-22,21:22,8.3,0
Part One,1977-10-29,24:38,6.7,0
Part Two,1977-11-05,24:44,7.5,0
Part Three,1977-11-12,24:22,7.9,0
Part Four,1977-11-19,20:32,9.1,61
Part One,1977-11-26,24:59,8.5,0
Part Two,1977-12-03,24:57,9.5,0
Part Three,1977-12-10,24:57,8.9,68
Part Four,1977-12-17,24:57,8.4,59
Part One,1978-01-07,22:36,8.9,65
Part Two,1978-01-14,21:27,9.1,0
Part Three,1978-01-21,22:21,8.9,0
Part Four,1978-01-28,22:53,11.7,0
Part One,1978-02-04,25:00,11.2,56
Part Two,1978-02-11,25:00,11.4,0
Part Three,1978-02-18,25:00,9.5,0
Part Four,1978-02-25,23:31,10.9,0
Part Five,1978-03-04,25:00,10.3,0
Part Six,1978-03-11,25:44,9.8,0
Part One,1978-09-02,25:02,8.3,59
Part Two,1978-09-09,24:46,8.1,0
Part Three,1978-09-16,24:42,7.9,0
Part Four,1978-09-23,24:50,8.2,67
Part One,1978-09-30,25:05,9.1,61
Part Two,1978-10-07,25:30,7.4,0
Part Three,1978-10-14,25:47,8.2,64
Part Four,1978-10-21,25:16,8.4,64
Part One,1978-10-28,24:20,8.6,0
Part Two,1978-11-04,23:53,6.6,0
Part Three,1978-11-11,24:27,9.3,0
Part Four,1978-11-18,23:07,7.6,67
Part One,1978-11-25,24:53,9.5,0
Part Two,1978-12-02,24:27,10.1,65
Part Three,1978-12-09,23:52,8.9,0
Part Four,1978-12-16,24:49,9.0,66
Part One,1978-12-23,23:16,6.5,0
Part Two,1978-12-30,23:57,12.4,0
Part Three,1979-01-06,21:56,8.9,0
Part Four,1979-01-13,21:58,9.9,63
Part One,1979-01-20,24:39,7.5,65
Part Two,1979-01-27,23:56,8.8,0
Part Three,1979-02-03,25:03,7.8,0
Part Four,1979-02-10,25:09,8.6,0
Part Five,1979-02-17,24:42,8.6,0
Part Six,1979-02-24,25:09,9.6,66
Episode One,1979-09-01,24:03,13.0,67
Episode Two,1979-09-08,25:14,12.7,0
Episode Three,1979-09-15,24:32,13.8,63
Episode Four,1979-09-22,26:05,14.4,64
Part One,1979-09-29,24:25,12.4,0
Part Two,1979-10-06,24:33,14.1,64
Part Three,1979-10-13,25:25,15.4,0
Part Four,1979-10-20,25:08,16.1,64
Part One,1979-10-27,23:32,9.3,0
Part Two,1979-11-03,24:03,10.8,67
Part Three,1979-11-10,23:55,10.2,0
Part Four,1979-11-17,24:07,9.6,0
Part One,1979-11-24,24:17,8.7,0
Part Two,1979-12-01,22:44,9.6,0
Part Three,1979-12-08,24:06,9.6,0
Part Four,1979-12-15,24:31,9.4,65
Part One,1979-12-22,25:41,6.0,0
Part Two,1979-12-29,25:00,8.8,0
Part Three,1980-01-05,23:26,9.8,0
Part Four,1980-01-12,26:45,10.4,67
Part One,2000-01-01,24:34,0.0,0
Part Two,2000-01-01,17:56,0.0,0
Part Three,2000-01-01,17:29,0.0,0
Part Four,2000-01-01,17:43,0.0,0
Part Five,2000-01-01,14:11,0.0,0
Part Six,2000-01-01,17:43,0.0,0
Part One,1980-08-30,23:33,5.9,0
Part Two,1980-09-06,20:45,5.0,0
Part Three,1980-09-13,21:21,5.0,0
Part Four,1980-09-20,21:19,4.5,65
Part One,1980-09-27,24:43,5.0,61
Part Two,1980-10-04,21:24,4.2,64
Part Three,1980-10-11,21:19,4.7,0
Part Four,1980-10-18,19:30,4.7,63
Part One,1980-10-25,24:23,5.9,0
Part Two,1980-11-01,22:11,3.7,0
Part Three,1980-11-08,22:00,5.9,0
Part Four,1980-11-15,24:16,5.4,65
Part One,1980-11-22,22:24,5.8,0
Part Two,1980-11-29,23:16,5.3,0
Part Three,1980-12-06,24:13,4.4,0
Part Four,1980-12-13,24:54,5.4,69
Part One,1981-01-03,22:54,7.1,59
Part Two,1981-01-10,23:47,6.7,0
Part Three,1981-01-17,22:15,8.3,0
Part Four,1981-01-24,24:53,7.8,59
Part One,1981-01-31,24:05,7.6,0
Part Two,1981-02-07,24:50,6.1,0
Part Three,1981-02-14,23:49,5.2,0
Part Four,1981-02-21,25:11,6.1,63
Part One,1981-02-28,24:32,7.7,0
Part Two,1981-03-07,24:03,7.7,61
Part Three,1981-03-14,24:32,5.8,0
Part Four,1981-03-21,25:10,6.1,65
Part One,1982-01-04,24:14,9.1,0
Part Two,1982-01-05,24:13,8.6,0
Part Three,1982-01-11,23:35,10.2,0
Part Four,1982-01-12,24:12,10.4,0
Part One,1982-01-18,23:36,8.4,0
Part Two,1982-01-19,24:11,8.8,0
Part Three,1982-01-25,24:09,8.9,0
Part Four,1982-01-26,24:53,9.4,0
Part One,1982-02-01,24:50,8.4,0
Part Two,1982-02-02,24:58,9.4,0
Part Three,1982-02-08,24:17,8.5,0
Part Four,1982-02-09,24:28,8.9,0
Part One,1982-02-15,24:11,9.1,0
Part Two,1982-02-16,24:26,9.3,0
Part Three,1982-02-22,24:24,9.9,0
Part Four,1982-02-23,23:32,10.1,0
Part One,1982-03-01,24:56,9.9,0
Part Two,1982-03-02,24:41,10.1,0
Part One,1982-03-08,24:22,9.1,0
Part Two,1982-03-09,24:23,8.8,0
Part Three,1982-03-15,24:24,9.8,0
Part Four,1982-03-16,24:28,9.6,0
Part One,1982-03-22,24:56,10.0,0
Part Two,1982-03-23,23:58,8.5,0
Part Three,1982-03-29,24:29,8.9,0
Part Four,1982-03-30,24:30,8.1,0
Part One,1983-01-03,24:37,7.2,69
Part Two,1983-01-05,24:42,7.3,70
Part Three,1983-01-11,24:37,6.9,67
Part Four,1983-01-12,24:28,7.2,66
Part One,1983-01-18,24:26,6.7,65
Part Two,1983-01-19,24:35,7.7,66
Part Three,1983-01-25,24:29,6.6,67
Part Four,1983-01-26,24:29,7.4,67
Part One,1983-02-01,24:03,6.5,67
Part Two,1983-02-02,24:33,7.5,70
Part Three,1983-02-08,24:32,7.4,67
Part Four,1983-02-09,24:33,7.7,68
Part One,1983-02-15,24:58,6.8,65
Part Two,1983-02-16,24:40,7.5,67
Part Three,1983-02-22,24:39,6.5,64
Part Four,1983-02-23,24:49,7.4,67
Part One,1983-03-01,24:12,6.6,67
Part Two,1983-03-02,24:23,7.2,65
Part Three,1983-03-08,24:38,6.2,68
Part Four,1983-03-09,24:34,7.3,70
Part One,1983-03-15,24:48,5.8,65
Part Two,1983-03-16,24:27,7.2,63
The Five Doctors,1983-11-25,90:23,7.7,75
Part One,1984-01-05,24:48,7.6,65
Part Two,1984-01-06,24:04,7.5,64
Part Three,1984-01-12,24:02,7.3,62
Part Four,1984-01-13,24:48,6.6,65
Part One,1984-01-19,25:18,7.9,65
Part Two,1984-01-20,24:47,6.6,63
Part One,1984-01-26,24:39,8.0,66
Part Two,1984-01-27,24:35,5.8,69
Part Three,1984-02-02,24:30,7.8,65
Part Four,1984-02-03,24:26,5.6,65
Part One,1984-02-08,46:24,7.3,69
Part Two,1984-02-15,46:52,8.0,65
Part One,1984-02-23,24:26,7.4,0
Part Two,1984-02-24,24:20,6.1,0
Part Three,1984-03-01,23:57,7.4,0
Part Four,1984-03-02,24:44,7.0,0
Part One,1984-03-08,24:33,6.9,65
Part Two,1984-03-09,25:00,6.6,0
Part Three,1984-03-15,24:36,7.8,65
Part Four,1984-03-16,25:37,7.8,68
Part One,1984-03-22,24:42,7.6,61
Part Two,1984-03-23,25:09,7.4,66
Part Three,1984-03-29,24:27,7.0,59
Part Four,1984-03-30,25:04,6.3,67
Part One,1985-01-05,44:17,8.9,61
Part Two,1985-01-12,44:29,7.2,65
Part One,1985-01-19,44:46,7.2,63
Part Two,1985-01-26,44:46,7.0,65
Part One,1985-02-02,45:01,6.3,64
Part Two,1985-02-09,44:32,7.3,64
Part One,1985-02-16,44:22,6.6,65
Part Two,1985-02-23,44:49,6.0,62
Part Three,1985-03-02,44:45,6.9,65
Part One,1985-03-09,45:00,6.7,66
Part Two,1985-03-16,44:36,7.4,64
Part One,1985-03-23,44:31,7.4,67
Part Two,1985-03-30,45:27,7.7,65
Part One,1986-09-06,24:57,4.9,72
Part Two,1986-09-13,24:44,4.9,69
Part Three,1986-09-20,24:18,3.9,70
Part Four,1986-09-27,24:20,3.7,72
Part Five,1986-10-04,24:42,4.8,71
Part Six,1986-10-11,24:45,4.6,69
Part Seven,1986-10-18,24:33,5.1,66
Part Eight,1986-10-25,24:44,5.0,72
Part Nine,1986-11-01,24:56,5.2,66
Part Ten,1986-11-08,24:18,4.6,69
Part Eleven,1986-11-15,24:07,5.3,69
Part Twelve,1986-11-22,24:45,5.3,69
Part Thirteen,1986-11-29,24:42,4.4,69
Part Fourteen,1986-12-06,29:30,5.6,69
Part One,1987-09-07,24:44,5.1,58
Part Two,1987-09-14,24:36,4.2,63
Part Three,1987-09-21,24:23,4.3,57
Part Four,1987-09-28,24:38,4.9,59
Part One,1987-10-05,24:33,4.5,61
Part Two,1987-10-12,24:39,5.2,58
Part Three,1987-10-19,24:30,5.0,58
Part Four,1987-10-26,24:21,5.0,57
Part One,1987-11-02,24:47,5.3,63
Part Two,1987-11-09,24:23,5.1,60
Part Three,1987-11-16,24:22,5.4,60
Part One,1987-11-23,24:01,5.5,61
Part Two,1987-11-30,24:40,5.0,61
Part Three,1987-12-07,24:26,4.7,64
Part One,1988-10-05,24:33,5.5,68
Part Two,1988-10-12,24:31,5.8,69
Part Three,1988-10-19,24:30,5.1,70
Part Four,1988-10-26,24:36,5.0,72
Part One,1988-11-02,24:51,5.3,67
Part Two,1988-11-09,24:48,4.6,65
Part Three,1988-11-16,24:25,5.3,65
Part One,1988-11-23,24:31,6.1,71
Part Two,1988-11-30,24:12,5.2,70
Part Three,1988-12-07,24:36,5.2,70
Part One,1988-12-14,24:23,5.0,68
Part Two,1988-12-21,24:20,5.3,66
Part Three,1988-12-28,24:30,4.8,69
Part Four,1989-01-04,24:24,6.6,64
Part One,1989-09-06,24:06,3.1,69
Part Two,1989-09-13,24:07,3.9,68
Part Three,1989-09-20,24:13,3.6,67
Part Four,1989-09-27,24:14,4.0,65
Part One,1989-10-04,24:17,4.2,68
Part Two,1989-10-11,24:18,4.0,68
Part Three,1989-10-18,24:17,4.0,64
Part One,1989-10-25,24:23,4.3,67
Part Two,1989-11-01,24:09,4.0,68
Part Three,1989-11-08,24:11,4.0,68
Part Four,1989-11-15,24:16,4.2,68
Part One,1989-11-22,24:14,5.0,69
Part Two,1989-11-29,24:13,4.8,69
Part Three,1989-12-06,24:20,5.0,71
Doctor Who,1996-05-27,85:00,9.08,75
Rose,2005-03-26,45:00,10.81,81
The End of the World,2005-04-02,44:00,7.97,79
The Unquiet Dead,2005-04-09,44:00,8.86,80
Aliens of London,2005-04-16,45:00,7.63,81
World War Three,2005-04-23,42:00,7.98,82
Dalek,2005-04-30,45:00,8.63,84
The Long Game,2005-05-07,44:00,8.01,81
Father's Day,2005-05-14,45:00,8.06,83
The Empty Child,2005-05-21,45:00,7.11,84
The Doctor Dances,2005-05-28,45:00,6.86,85
Boom Town,2005-06-04,45:00,7.68,82
Bad Wolf,2005-06-11,45:00,6.81,85
The Parting of the Ways,2005-06-18,45:00,6.91,89
The Christmas Invasion,2005-12-25,60:00,9.84,84
New Earth,2006-04-15,45:00,8.62,85
Tooth and Claw,2006-04-22,45:00,9.24,83
School Reunion,2006-04-29,45:00,8.31,85
The Girl in the Fireplace,2006-05-06,45:00,7.9,84
Rise of the Cybermen,2006-05-13,45:00,9.22,86
The Age of Steel,2006-05-20,45:00,7.63,86
The Idiot's Lantern,2006-05-27,45:00,6.76,84
The Impossible Planet,2006-06-03,45:00,6.32,85
The Satan Pit,2006-06-10,45:00,6.08,86
Love & Monsters,2006-06-17,45:00,6.66,76
Fear Her,2006-06-24,45:00,7.14,83
Army of Ghosts,2006-07-01,45:00,8.19,86
Doomsday,2006-07-08,45:00,8.22,89
The Runaway Bride,2006-12-25,60:00,9.35,84
Smith and Jones,2007-03-31,45:00,8.71,88
The Shakespeare Code,2007-04-07,45:00,7.23,87
Gridlock,2007-04-14,45:00,8.41,85
Daleks in Manhattan,2007-04-21,45:00,6.69,86
Evolution of the Daleks,2007-04-28,45:00,6.97,85
The Lazarus Experiment,2007-05-05,45:00,7.19,86
42,2007-05-19,45:00,7.41,85
Human Nature,2007-05-26,45:00,7.74,86
The Family of Blood,2007-06-02,45:00,7.21,86
Blink,2007-06-09,45:00,6.62,87
Utopia,2007-06-16,45:00,7.84,87
The Sound of Drums,2007-06-23,45:00,7.51,87
Last of the Time Lords,2007-06-30,52:00,8.61,88
Voyage of the Damned,2007-12-25,72:00,13.31,86
Partners in Crime,2008-04-05,50:00,9.14,88
The Fires of Pompeii,2008-04-12,50:00,9.04,87
Planet of the Ood,2008-04-19,45:00,7.5,87
The Sontaran Stratagem,2008-04-26,45:00,7.06,87
The Poison Sky,2008-05-03,45:00,6.53,88
The Doctor's Daughter,2008-05-10,45:00,7.33,88
The Unicorn and the Wasp,2008-05-17,45:00,8.41,86
Silence in the Library,2008-05-31,45:00,6.27,89
Forest of the Dead,2008-06-07,45:00,7.84,89
Midnight,2008-06-14,45:00,8.05,86
Turn Left,2008-06-21,50:00,8.09,88
The Stolen Earth,2008-06-28,45:00,8.78,91
Journey's End,2008-07-05,65:00,10.57,91
The Next Doctor,2008-12-25,60:00,13.1,86
Planet of the Dead,2009-04-11,60:00,9.75,88
The Waters of Mars,2009-11-15,60:00,10.32,88
Part One,2009-12-25,60:00,12.04,87
Part Two,2010-01-01,75:00,12.27,89
The Eleventh Hour,2010-04-03,65:00,10.09,86
The Beast Below,2010-04-10,45:00,8.42,86
Victory of the Daleks,2010-04-17,45:00,8.21,84
The Time of Angels,2010-04-24,45:00,8.59,87
Flesh and Stone,2010-05-01,50:00,8.5,86
The Vampires of Venice,2010-05-08,50:00,7.68,86
Amy's Choice,2010-05-15,45:00,7.55,84
The Hungry Earth,2010-05-22,45:00,6.49,86
Cold Blood,2010-05-29,45:00,7.49,85
Vincent and the Doctor,2010-06-05,45:00,6.76,86
The Lodger,2010-06-12,45:00,6.44,87
The Pandorica Opens,2010-06-19,50:00,7.57,88
The Big Bang,2010-06-26,55:00,6.7,89
A Christmas Carol,2010-12-25,60:00,12.11,83
The Impossible Astronaut,2011-04-23,45:00,8.86,88
Day of the Moon,2011-04-30,45:00,7.3,87
The Curse of the Black Spot,2011-05-07,45:00,7.85,86
The Doctor's Wife,2011-05-14,45:00,7.97,87
The Rebel Flesh,2011-05-21,45:00,7.35,85
The Almost People,2011-05-28,45:00,6.72,86
A Good Man Goes to War,2011-06-04,50:00,7.51,88
Let's Kill Hitler,2011-08-27,50:00,8.1,85
Night Terrors,2011-09-03,45:00,7.07,86
The Girl Who Waited,2011-09-10,45:00,7.6,85
The God Complex,2011-09-17,50:00,6.77,86
Closing Time,2011-09-24,45:00,6.93,86
The Wedding of River Song,2011-10-01,45:00,7.67,86
"The Doctor, the Widow and the Wardrobe",2011-12-25,60:00,10.77,84
Asylum of the Daleks,2012-09-01,50:00,8.33,89
Dinosaurs on a Spaceship,2012-09-08,45:00,7.57,87
A Town Called Mercy,2012-09-15,45:00,8.42,85
The Power of Three,2012-09-22,45:00,7.67,87
The Angels Take Manhattan,2012-09-29,45:00,7.82,88
The Snowmen,2012-12-25,60:00,9.87,87
The Bells of Saint John,2013-03-30,45:00,8.44,87
The Rings of Akhaten,2013-04-06,45:00,7.45,84
Cold War,2013-04-13,45:00,7.37,84
Hide,2013-04-20,45:00,6.61,85
Journey to the Centre of the TARDIS,2013-04-27,45:00,6.5,85
The Crimson Horror,2013-05-04,45:00,6.47,85
Nightmare in Silver,2013-05-11,45:00,6.64,84
The Name of the Doctor,2013-05-18,45:00,7.45,88
The Day of the Doctor,2013-11-23,77:00,12.8,88
The Time of the Doctor,2013-12-25,60:00,11.14,83
Deep Breath,2014-08-23,76:00,9.17,82
Into the Dalek,2014-08-30,45:00,7.29,84
Robot of Sherwood,2014-09-06,45:00,7.28,82
Listen,2014-09-13,45:00,7.01,82
Time Heist,2014-09-20,45:00,6.99,84
The Caretaker,2014-09-27,45:00,6.82,83
Kill the Moon,2014-10-04,45:00,6.91,82
Mummy on the Orient Express,2014-10-11,45:00,7.11,85
Flatline,2014-10-18,45:00,6.71,85
In the Forest of the Night,2014-10-25,45:00,6.92,83
Dark Water,2014-11-01,45:00,7.34,85
Death in Heaven,2014-11-08,60:00,7.6,83
Last Christmas,2014-12-25,60:00,8.28,82
The Magician's Apprentice,2015-09-19,50:00,6.54,84
The Witch's Familiar,2015-09-26,50:00,5.71,83
Under the Lake,2015-10-03,45:00,5.63,84
Before the Flood,2015-10-10,42:00,6.05,83
The Girl Who Died,2015-10-17,45:00,6.56,82
The Woman Who Lived,2015-10-24,45:00,6.11,81
The Zygon Invasion,2015-10-31,45:00,5.76,82
The Zygon Inversion,2015-11-07,45:00,6.03,84
Sleep No More,2015-11-14,45:00,5.61,78
Face the Raven,2015-11-21,50:00,6.05,84
Heaven Sent,2015-11-28,55:00,6.19,80
Hell Bent,2015-12-05,60:00,6.17,82
The Husbands of River Song,2015-12-25,60:00,7.69,82
The Return of Doctor Mysterio,2016-12-25,60:00,7.83,82
Dr. Who and the Daleks,1965-08-23,82:00,0.0,0
Daleks -- Invasion Earth: 2150 A.D.,1966-08-05,84:00,0.0,0
The Pilot,2017-04-15,50:00,6.68,83
Smile,2017-04-22,45:00,5.97,83
Thin Ice,2017-04-29,45:00,5.61,84
Knock Knock,2017-05-06,44:00,5.73,83
Oxygen,2017-05-13,45:00,5.27,83
Extremis,2017-05-20,49:00,5.53,82
The Pyramid at the End of the World,2017-05-27,46:00,5.79,82
The Lie of the Land,2017-06-03,45:00,4.82,82
Empress of Mars,2017-06-10,44:00,5.02,83
The Eaters of Light,2017-06-17,42:00,4.73,81
World Enough and Time,2017-06-24,45:00,5.0,85
The Doctor Falls,2017-07-01,60:00,5.3,83
Twice Upon a Time,2017-12-25,60:00,7.92,81
The Woman Who Fell to Earth,2018-10-07,64:00,10.96,83
The Ghost Monument,2018-10-14,49:00,9.0,82
Rosa,2018-10-21,50:00,8.41,83
Arachnids in the UK,2018-10-28,49:00,8.22,83
The Tsuranga Conundrum,2018-11-04,51:00,7.76,79
Demons of the Punjab,2018-11-11,50:00,7.48,80
Kerblam!,2018-11-18,49:00,7.46,81
The Witchfinders,2018-11-25,47:00,7.21,81
It Takes You Away,2018-12-02,49:00,6.42,80
The Battle of Ranskoor Av Kolos,2018-12-09,50:00,6.65,79
Resolution,2019-01-01,60:00,7.13,80